EntropyAverage,EntropyStd,EntropyMedian,EntropyMin,EntropyMax,VAverage,VStd,VMedian,VMin,VMax,reward,step
0.09751599,0.03695614,0.09751599,0.060559854,0.13447213,326.9093,292.5608,326.9093,34.348526,619.4701,27.0,1
0.08951994,0.031904757,0.07402125,0.060571697,0.13396688,258.02847,260.2759,117.19138,33.93212,622.96185,38.0,19
0.053589515,0.0,0.053589515,0.053589515,0.053589515,22.259197,0.0,22.259197,22.259197,22.259197,6.0,20
0.0691207,0.048062578,0.05276227,0.020165691,0.13443412,218.54353,291.16855,22.04692,3.4063067,630.17737,29.0,34
0.043695323,0.0369962,0.043695323,0.006699122,0.080691524,74.60362,74.3873,74.60362,0.2163251,148.99092,11.0,42
0.117787674,0.010099079,0.117787674,0.1076886,0.12788676,385.29935,152.61002,385.29935,232.68933,537.90936,33.0,54
0.091850944,0.046662036,0.11406795,0.026929602,0.1345553,304.06772,252.62512,280.09637,7.349321,624.7575,39.0,73
0.043740816,0.023542248,0.043740816,0.020198569,0.067283064,26.643337,23.35511,26.643337,3.2882268,49.998447,11.0,82
0.040330287,0.026895987,0.040330287,0.0134343,0.067226276,45.24489,45.011147,45.24489,0.233743,90.256035,10.0,89
0.10091248,0.0,0.10091248,0.10091248,0.10091248,189.81609,0.0,189.81609,189.81609,189.81609,13.0,93
0.043763727,0.023563484,0.043763727,0.020200243,0.06732721,26.204527,22.718678,26.204527,3.485849,48.923206,11.0,101
0.040352426,0.026938545,0.040352426,0.013413882,0.06729097,44.695248,44.461884,44.695248,0.23336272,89.157135,10.0,107
0.10433891,0.01685039,0.10433891,0.08748852,0.121189296,291.14215,170.91808,291.14215,120.22406,462.0602,29.0,115
0.04031238,0.0067492723,0.04031238,0.033563107,0.047061652,18.657082,14.74632,18.657082,3.910761,33.4034,10.0,124
0.08753228,0.0,0.08753228,0.08753228,0.08753228,118.10711,0.0,118.10711,118.10711,118.10711,11.0,131
0.05047649,0.037010886,0.05047649,0.013465607,0.08748738,60.056973,58.8265,60.056973,1.230474,118.88347,13.0,135
0.087516285,0.040386263,0.087516285,0.047130022,0.12790255,215.8029,183.57677,215.8029,32.22614,399.37967,24.0,145
0.060555637,0.05415087,0.040287785,0.006733443,0.13464569,209.23619,290.09976,7.9741435,0.25937074,619.47504,25.0,157
0.06732767,0.0,0.06732767,0.06732767,0.06732767,48.729214,0.0,48.729214,48.729214,48.729214,8.0,160
0.060597233,0.033663876,0.060597233,0.026933357,0.09426111,79.23065,71.85407,79.23065,7.3765793,151.08472,16.0,166
0.04371623,0.003317371,0.04371623,0.04039886,0.0470336,18.033651,4.1112475,18.033651,13.922404,22.1449,11.0,176
0.06395643,0.023561098,0.06395643,0.040395334,0.08751753,97.728645,89.91822,97.728645,7.810428,187.64687,17.0,184
0.07068641,0.023571124,0.07068641,0.047115285,0.09425753,121.88321,108.04499,121.88321,13.838217,229.9282,19.0,194
0.105451286,0.020817347,0.094191015,0.087524086,0.13463874,320.67117,216.13828,187.11288,149.34258,625.558,45.0,216
0.0572168,0.016817218,0.0572168,0.040399585,0.07403402,44.959618,23.54119,44.959618,21.41843,68.50081,15.0,229
0.10322856,0.03125103,0.11444005,0.06060029,0.13464533,322.0663,226.8149,282.54193,66.15501,617.50195,44.0,250
0.05723115,0.03703118,0.05723115,0.020199971,0.09426233,77.098175,73.69574,77.098175,3.4024358,150.79391,15.0,263
0.103239365,0.044434756,0.13465567,0.040399134,0.1346633,371.98807,255.73677,466.51297,22.400106,627.0512,44.0,287
0.10099695,0.0,0.10099695,0.10099695,0.10099695,189.38875,0.0,189.38875,189.38875,189.38875,13.0,297
0.06733248,0.033665698,0.06733248,0.03366678,0.10099818,100.6099,87.330666,100.6099,13.279242,187.94057,18.0,308
0.06733077,0.033664484,0.06733077,0.033666287,0.10099525,101.508835,88.064026,101.508835,13.444805,189.57286,18.0,318
0.06732992,0.047607504,0.033666726,0.033665948,0.1346571,213.58293,290.18665,13.023162,3.7914352,623.9342,28.0,339
0.070683464,0.030312821,0.070683464,0.040370643,0.100996286,142.85472,135.02234,142.85472,7.8323817,277.87708,19.0,350
0.074061915,0.020196889,0.074061915,0.053865023,0.0942588,126.97278,104.36096,126.97278,22.611813,231.33374,20.0,358
0.050494686,0.030297885,0.050494686,0.0201968,0.08079257,74.79581,74.27617,74.79581,0.5196429,149.07198,13.0,369
0.087532245,0.0,0.087532245,0.087532245,0.087532245,118.70328,0.0,118.70328,118.70328,118.70328,11.0,376
0.06284378,0.050786234,0.026932763,0.026932215,0.13466637,210.84416,291.9241,7.346737,1.5122863,623.67346,26.0,394
0.06733214,0.040399745,0.06733214,0.026932392,0.107731886,167.52017,165.96127,167.52017,1.5588889,333.48145,18.0,405
0.05723259,0.050500803,0.05723259,0.0067317868,0.10773339,167.17648,166.952,167.17648,0.2244902,334.12848,15.0,418
0.10099862,0.0,0.10099862,0.10099862,0.10099862,188.52214,0.0,188.52214,188.52214,188.52214,13.0,420
0.05386498,0.026931478,0.05386498,0.0269335,0.08079646,49.3407,42.01056,49.3407,7.330143,91.35126,14.0,434
0.04376012,0.0101048555,0.04376012,0.033655267,0.05386498,26.094194,22.291117,26.094194,3.803076,48.38531,11.0,439
0.060598735,0.0,0.060598735,0.060598735,0.060598735,34.490627,0.0,34.490627,34.490627,34.490627,7.0,445
0.047133528,0.0067334734,0.047133528,0.040400054,0.053867,21.967312,0.5777321,21.967312,21.38958,22.545044,12.0,451
0.11445796,0.023959465,0.12790948,0.08079938,0.134665,390.0092,192.40642,398.8114,150.08263,621.13354,49.0,472
0.040389687,0.033656362,0.040389687,0.006733326,0.074046046,34.38284,34.142883,34.38284,0.23995566,68.52573,10.0,480
0.057232067,0.0033680797,0.057232067,0.053863987,0.060600147,45.322094,22.975735,45.322094,22.346357,68.29783,15.0,491
0.050499264,0.030300016,0.050499264,0.020199249,0.08079928,73.63367,73.096695,73.63367,0.5369723,146.73036,13.0,500
0.070698075,0.04376524,0.070698075,0.026932837,0.114463314,197.60898,196.01288,197.60898,1.5961139,393.62186,19.0,511
0.06396154,0.043766443,0.06396154,0.020195102,0.10772799,164.83904,164.33076,164.83904,0.50827444,329.1698,17.0,524
0.08079458,0.03366948,0.08079458,0.0471251,0.11446406,205.29517,191.36792,205.29517,13.927245,396.6631,22.0,537
0.06058929,0.02692675,0.06058929,0.03366254,0.08751604,95.04451,91.08929,95.04451,3.9552224,186.1338,16.0,546
0.08079527,0.0,0.08079527,0.08079527,0.08079527,90.63007,0.0,90.63007,90.63007,90.63007,10.0,550
0.060568642,0.052416254,0.026913157,0.02019781,0.13459496,209.4529,292.73715,3.3746622,1.5396619,623.4444,25.0,565
0.08300971,0.05504367,0.10769872,0.006731268,0.13459913,319.26218,254.37552,334.81393,0.23243077,622.7401,35.0,587
0.09088872,0.03703467,0.09088872,0.053854045,0.12792338,281.18124,258.55203,281.18124,22.62922,539.7333,25.0,598
0.063962914,0.016831666,0.063962914,0.047131248,0.08079458,81.05234,67.05211,81.05234,14.000236,148.10445,17.0,609
0.10547882,0.020818237,0.094262406,0.08751285,0.13466123,320.58173,214.5107,186.45898,151.99385,623.29236,45.0,626
0.074064225,0.033664364,0.074064225,0.040399857,0.107728586,127.26371,105.169395,127.26371,22.094318,232.4331,20.0,637
0.06058753,0.052432884,0.026933279,0.020192679,0.13463663,210.6239,292.2672,7.427177,0.51165,623.93286,25.0,654
0.100931816,0.0,0.100931816,0.100931816,0.100931816,188.40991,0.0,188.40991,188.40991,188.40991,13.0,658
0.07405283,0.060587708,0.07405283,0.013465125,0.13464054,234.7421,233.50543,234.7421,1.2366683,468.24753,20.0,667
0.11218786,0.031747375,0.13460846,0.06729031,0.13466483,430.18384,269.24185,617.65485,49.433117,623.4635,48.0,695
0.090856336,0.023605615,0.090856336,0.06725072,0.11446195,185.76694,95.878914,185.76694,89.888016,281.64584,25.0,706
0.05380043,0.03361,0.05380043,0.02019043,0.08741043,61.057606,57.67077,61.057606,3.386839,118.72837,14.0,719
0.030257776,0.016855778,0.030257776,0.013401998,0.047113553,16.509897,16.296713,16.509897,0.2131852,32.80661,7.0,730
0.07391695,0.0,0.07391695,0.07391695,0.07391695,67.65621,0.0,67.65621,67.65621,67.65621,9.0,732
0.076270826,0.041258585,0.047132798,0.047060426,0.13461927,224.83887,285.13824,33.164833,13.427535,627.9242,32.0,750
0.067305796,0.0,0.067305796,0.067305796,0.067305796,48.658688,0.0,48.658688,48.658688,48.658688,8.0,758
0.046983138,0.026798481,0.046983138,0.020184655,0.07378162,36.076218,32.69822,36.076218,3.3780005,68.77444,12.0,768
0.050478145,0.010085776,0.050478145,0.04039237,0.060563922,37.047684,29.498003,37.047684,7.5496793,66.545685,13.0,782
0.07404776,0.02018806,0.07404776,0.053859696,0.094235815,125.27612,102.73715,125.27612,22.538979,228.01328,20.0,790
0.105467856,0.022203151,0.10098675,0.08079356,0.13462327,320.6929,214.91884,189.12999,149.19061,623.75806,45.0,812
0.077423364,0.04375981,0.077423364,0.033663552,0.12118318,174.79225,162.0377,174.79225,12.7545395,336.82996,21.0,826
0.043763284,0.030297237,0.043763284,0.013466048,0.07406052,34.264404,33.024143,34.264404,1.24026,67.28855,11.0,841
0.08304303,0.036603887,0.06060012,0.05386643,0.13466255,237.12146,272.20877,67.53774,22.618404,621.20825,35.0,866
0.043760806,0.03703115,0.043760806,0.0067296564,0.08079196,73.75981,73.53815,73.75981,0.22165819,147.29796,11.0,879
0.09426696,0.0,0.09426696,0.09426696,0.09426696,151.28079,0.0,151.28079,151.28079,151.28079,12.0,883
0.07405997,0.04039322,0.07405997,0.033666756,0.11445319,146.63785,133.40337,146.63785,13.234487,280.0412,20.0,890
0.06284354,0.05108314,0.033663757,0.020200254,0.1346666,208.27147,289.367,3.8405902,3.4756584,617.49817,26.0,907
0.07406681,0.026933938,0.07406681,0.047132872,0.10100075,146.12006,132.19693,146.12006,13.923129,278.317,20.0,918
0.078552246,0.0498822,0.08753351,0.013465797,0.13465744,270.89258,261.9517,187.13623,0.25404704,625.2875,33.0,937
0.09426631,0.0,0.09426631,0.09426631,0.09426631,151.09027,0.0,151.09027,151.09027,151.09027,12.0,941
0.063965626,0.037032217,0.063965626,0.026933411,0.10099784,97.60201,90.28498,97.60201,7.3170323,187.887,17.0,949
0.05386643,0.020199677,0.05386643,0.033666756,0.07406611,40.819496,27.486107,40.819496,13.33339,68.3056,14.0,959
0.1054807,0.03220952,0.1211826,0.060599126,0.1346604,342.18985,229.93555,330.09378,66.820435,629.6554,45.0,980
0.06060061,0.04713374,0.06060061,0.013466869,0.107734345,116.77376,115.59152,116.77376,1.1822348,232.36528,16.0,991
0.06396684,0.03703354,0.06396684,0.026933303,0.10100038,97.40332,90.05821,97.40332,7.3451133,187.46153,17.0,1003
0.08416605,0.050499197,0.08416605,0.033666857,0.13466525,240.1547,226.93262,240.1547,13.222075,467.0873,23.0,1017
0.1279227,0.0,0.1279227,0.1279227,0.1279227,396.04962,0.0,396.04962,396.04962,396.04962,17.0,1027
0.04713342,0.040400002,0.04713342,0.0067334184,0.08753342,59.65331,59.40964,59.65331,0.24366522,119.06295,12.0,1035
0.0908996,0.043766424,0.0908996,0.047133178,0.13466603,251.07285,217.29198,251.07285,33.780872,468.3648,25.0,1044
0.100992106,0.0,0.100992106,0.100992106,0.100992106,187.49098,0.0,187.49098,187.49098,187.49098,13.0,1059
0.043766998,0.010099977,0.043766998,0.03366702,0.053866975,17.870148,4.659857,17.870148,13.210291,22.530005,11.0,1071
0.09763211,0.01683367,0.09763211,0.08079844,0.11446578,215.35938,64.5155,215.35938,150.84387,279.87488,27.0,1083
0.037028827,0.016829085,0.037028827,0.020199742,0.05385791,12.816577,9.351551,12.816577,3.4650264,22.168127,9.0,1092
0.08079667,0.0,0.08079667,0.08079667,0.08079667,90.08065,0.0,90.08065,90.08065,90.08065,10.0,1100
0.08752836,0.0,0.08752836,0.08752836,0.08752836,117.83619,0.0,117.83619,117.83619,117.83619,11.0,1107
0.060598068,0.013465092,0.060598068,0.047132976,0.07406316,50.960747,17.289583,50.960747,33.67116,68.25033,16.0,1119
0.07406355,0.04499773,0.0605987,0.026933026,0.13465892,230.26057,278.154,67.42313,1.5705522,621.7881,31.0,1135
0.10770539,0.0,0.10770539,0.10770539,0.10770539,230.4015,0.0,230.4015,230.4015,230.4015,14.0,1143
0.097602226,0.037015002,0.097602226,0.060587224,0.13461722,327.0773,292.83694,327.0773,34.240364,619.91425,27.0,1154
0.07405843,5.256386e-06,0.07405843,0.074053176,0.07406369,92.21768,24.75285,92.21768,67.464836,116.970535,20.0,1166
0.04038283,0.020203663,0.04038283,0.020179166,0.060586493,33.629436,33.12798,33.629436,0.50146043,66.757416,10.0,1173
0.07068314,0.04377154,0.07068314,0.026911601,0.11445468,197.69534,196.16527,197.69534,1.5300727,393.86063,19.0,1187
0.05721643,0.050493337,0.05721643,0.006723093,0.107709765,165.8848,165.66104,165.8848,0.22375098,331.54584,15.0,1194
0.0706947,0.05723086,0.0706947,0.013463839,0.12792556,269.67206,269.43414,269.67206,0.23793231,539.1062,19.0,1207
0.07405883,0.0471257,0.07405883,0.02693313,0.121184535,233.44348,231.95395,233.44348,1.4895365,465.39743,20.0,1219
0.08079493,0.0,0.08079493,0.08079493,0.08079493,91.009796,0.0,91.009796,91.009796,91.009796,10.0,1225
0.050499853,0.02356643,0.050499853,0.026933422,0.07406628,37.715,30.363684,37.715,7.351317,68.07868,13.0,1232
0.053860724,0.0067337584,0.053860724,0.047126964,0.06059448,40.246,26.26897,40.246,13.977029,66.51497,14.0,1242
0.08078739,0.0,0.08078739,0.08078739,0.08078739,91.28499,0.0,91.28499,91.28499,91.28499,10.0,1247
0.03703111,0.030298097,0.03703111,0.006733012,0.067329206,24.73155,24.490118,24.73155,0.24143246,49.22167,9.0,1256
0.10099163,0.033669434,0.10099067,0.067318715,0.13466646,345.72693,277.1737,355.89502,48.408943,622.7087,58.0,1281
0.037033215,0.030300302,0.037033215,0.006732914,0.06733352,45.139454,44.87839,45.139454,0.26106074,90.017845,9.0,1290
0.107724026,0.0,0.107724026,0.107724026,0.107724026,229.28264,0.0,229.28264,229.28264,229.28264,14.0,1293
0.05723249,0.03703223,0.05723249,0.020200262,0.09426472,77.33803,73.9576,77.33803,3.3804226,151.29564,15.0,1303
0.06732838,0.026928136,0.06732838,0.04040024,0.09425651,86.220894,65.25237,86.220894,20.968521,151.47327,18.0,1311
0.03029689,0.010102922,0.03029689,0.020193968,0.040399812,11.013356,10.496456,11.013356,0.5168996,21.509813,7.0,1318
0.07070063,0.043767244,0.07070063,0.026933389,0.114467874,198.58867,197.06699,198.58867,1.5216817,395.65567,19.0,1325
0.11446527,0.0067313053,0.11446527,0.107733965,0.121196575,336.01926,0.28024292,336.01926,335.739,336.2995,32.0,1334
0.037028305,0.023561608,0.037028305,0.013466696,0.060589913,17.355923,16.081749,17.355923,1.2741734,33.43767,9.0,1336
0.10268338,0.03207227,0.104366854,0.067332044,0.13466774,353.05356,271.5655,368.46173,48.905685,626.3851,59.0,1349
0.057232413,0.010101121,0.057232413,0.047131293,0.067333534,51.79331,37.88931,51.79331,13.904,89.68262,15.0,1355
0.05386165,0.03366882,0.05386165,0.020192832,0.08753047,94.12613,93.6479,94.12613,0.47823113,187.77403,14.0,1367
0.07406604,0.0,0.07406604,0.07406604,0.07406604,67.82379,0.0,67.82379,67.82379,67.82379,9.0,1371
0.08415804,0.043758668,0.08415804,0.040399373,0.12791671,209.7606,188.0086,209.7606,21.752007,397.7692,23.0,1379
0.08921529,0.05245365,0.10773097,0.0067333356,0.13466588,332.97693,289.37106,354.6765,0.25703272,622.29767,51.0,1385
0.06060001,0.0067327954,0.06060001,0.053867213,0.067332804,48.538322,0.108623505,48.538322,48.4297,48.646946,16.0,1392
0.047128264,0.020196777,0.047128264,0.026931485,0.06732504,45.45508,43.916584,45.45508,1.5384924,89.371666,12.0,1399
0.057230625,0.050499484,0.057230625,0.006731141,0.10773011,165.78508,165.57358,165.78508,0.21150827,331.35864,15.0,1406
0.107734345,0.0,0.107734345,0.107734345,0.107734345,229.1465,0.0,229.1465,229.1465,229.1465,14.0,1410
0.05835473,0.053959105,0.020199964,0.020199787,0.13466443,207.8451,291.09927,3.5058105,0.511502,619.518,24.0,1416
0.060599476,0.053866215,0.060599476,0.0067332587,0.11446569,197.427,197.1838,197.427,0.2431935,394.6108,16.0,1423
0.10098847,0.042932577,0.12793186,0.040396184,0.13463736,390.6448,273.05777,539.09717,7.6918187,625.14545,43.0,1434
0.070696905,0.023563217,0.070696905,0.04713369,0.09426013,122.8568,109.13593,122.8568,13.7208605,231.99274,19.0,1438
0.10095886,0.013426915,0.10095886,0.08753195,0.114385776,234.14297,47.5026,234.14297,186.64037,281.64557,28.0,1445
0.04713078,0.026931604,0.04713078,0.020199174,0.074062385,35.84998,32.47112,35.84998,3.3788595,68.3211,12.0,1450
0.04376686,0.016833343,0.04376686,0.026933517,0.060600203,34.382042,32.904663,34.382042,1.4773782,67.286705,11.0,1455
0.08528841,0.051962536,0.10773042,0.0134668825,0.13466795,317.6759,252.88908,333.69427,0.25292906,619.0805,36.0,1463
0.09763397,0.023567285,0.09763397,0.07406668,0.121201254,266.78854,199.79309,266.78854,66.99544,466.58163,27.0,1470
0.040350273,0.020202726,0.040350273,0.020147549,0.060553,33.76351,33.25827,33.76351,0.50524247,67.02178,10.0,1476
0.11438893,0.0,0.11438893,0.11438893,0.11438893,280.48203,0.0,280.48203,280.48203,280.48203,15.0,1479
0.10098138,0.04761723,0.13463594,0.033640437,0.13466772,418.28946,293.2153,624.41797,3.622753,626.8277,43.0,1493
0.067293875,0.0,0.067293875,0.067293875,0.067293875,48.9858,0.0,48.9858,48.9858,48.9858,8.0,1497
0.057223696,0.023557495,0.057223696,0.0336662,0.08078119,51.784492,38.530777,51.784492,13.253717,90.31527,15.0,1503
0.070685886,0.016827742,0.070685886,0.053858142,0.087513626,82.51435,35.330315,82.51435,47.184032,117.844666,19.0,1508
0.09196073,0.035730187,0.09422361,0.047112826,0.13454574,270.07266,258.10168,147.48215,33.620743,629.1151,39.0,1517
0.04376132,0.0033624303,0.04376132,0.04039889,0.04712375,17.564379,3.8298283,17.564379,13.73455,21.394207,11.0,1523
0.100944616,0.023987025,0.087465666,0.08072478,0.1346434,300.76572,232.73758,187.32297,89.90865,625.06555,43.0,1534
0.087520435,0.033657517,0.087520435,0.053862914,0.12117795,190.74768,143.30295,190.74768,47.444736,334.05063,24.0,1540
0.0718141,0.049581368,0.067311876,0.013465998,0.13466443,222.24501,279.3482,49.134624,1.2652926,616.3351,30.0,1549
0.043750137,0.023564348,0.043750137,0.020185787,0.06731448,45.33015,44.84014,45.33015,0.49000764,90.170296,11.0,1554
0.100995235,0.0,0.100995235,0.100995235,0.100995235,187.98018,0.0,187.98018,187.98018,187.98018,13.0,1559
0.060587417,0.047120567,0.060587417,0.013466853,0.107707985,115.496025,114.23192,115.496025,1.2641046,229.72795,16.0,1568
0.030298958,0.003367314,0.030298958,0.026931643,0.03366627,5.47414,1.6242034,5.47414,3.849937,7.098344,7.0,1575
0.080800325,0.020199455,0.080800325,0.06060087,0.10099978,156.03021,122.21804,156.03021,33.812172,278.24826,22.0,1580
0.047129806,0.026932096,0.047129806,0.02019771,0.0740619,58.593086,58.08506,58.593086,0.5080248,116.67815,12.0,1584
0.06396031,0.050493773,0.06396031,0.013466534,0.11445408,195.59195,195.35072,195.59195,0.24122854,390.94266,17.0,1597
0.09089875,0.030298173,0.09089875,0.06060058,0.121196926,249.43407,215.99202,249.43407,33.442047,465.4261,25.0,1603
0.090892404,0.016827885,0.090892404,0.07406452,0.10772029,174.54968,56.416412,174.54968,118.13327,230.9661,25.0,1608
0.03703144,0.010099154,0.03703144,0.026932284,0.047130592,10.51819,3.335393,10.51819,7.1827974,13.853583,9.0,1612
0.08528668,0.041263003,0.087533526,0.033664063,0.13466242,270.82062,259.42902,186.48488,3.7624702,622.21454,36.0,1621
0.0774298,0.023564218,0.0774298,0.053865585,0.10099402,150.60382,128.22495,150.60382,22.378876,278.82877,21.0,1625
0.07406333,0.0067299493,0.07406333,0.06733338,0.08079328,98.815796,49.98938,98.815796,48.826412,148.80518,20.0,1633
0.09257878,0.043736454,0.100994796,0.03365846,0.13466708,333.57608,288.31903,354.313,3.908268,621.77,53.0,1643
0.057230685,0.04376599,0.057230685,0.013464699,0.10099667,139.27855,138.99767,139.27855,0.28087968,278.2762,15.0,1647
0.07743105,0.0437644,0.07743105,0.033666648,0.12119545,233.33055,229.63652,233.33055,3.6940327,462.96707,21.0,1656
0.080796905,0.0,0.080796905,0.080796905,0.080796905,90.4751,0.0,90.4751,90.4751,90.4751,10.0,1661
0.063966565,0.043766625,0.063966565,0.020199938,0.10773319,117.01185,113.58878,117.01185,3.4230595,230.60063,17.0,1668
0.037031278,0.010097524,0.037031278,0.026933752,0.0471288,10.496945,3.395999,10.496945,7.1009464,13.892944,9.0,1676
0.05386244,0.033664797,0.05386244,0.020197647,0.08752724,93.39846,92.909386,93.39846,0.48907328,186.30785,14.0,1682
0.080797635,0.0,0.080797635,0.080797635,0.080797635,90.328,0.0,90.328,90.328,90.328,10.0,1686
0.090900056,0.044791255,0.097632945,0.033666674,0.13466766,323.704,300.31836,327.3199,13.261038,626.9152,52.0,1698
0.07069655,0.0033664964,0.07069655,0.06733005,0.07406304,83.02159,34.266895,83.02159,48.7547,117.28849,19.0,1705
0.053864945,0.013468903,0.053864945,0.040396042,0.06733385,48.287422,40.56508,48.287422,7.7223396,88.8525,14.0,1716
0.080797374,0.0,0.080797374,0.080797374,0.080797374,90.07766,0.0,90.07766,90.07766,90.07766,10.0,1721
0.075749665,0.058964714,0.07743175,0.013466869,0.13466829,312.54846,311.68073,311.845,0.5189966,625.9848,43.0,1745
0.11446052,0.016498007,0.11446468,0.09425259,0.13466428,391.29825,196.39197,397.93515,147.51842,628.44116,49.0,1763
0.06733273,0.026932597,0.06733273,0.040400133,0.09426533,86.007614,64.3954,86.007614,21.612207,150.40302,18.0,1773
0.050494723,0.010096803,0.050494723,0.04039792,0.060591526,27.593801,5.9752293,27.593801,21.618572,33.56903,13.0,1782
0.08080071,0.0067331754,0.08080071,0.07406754,0.08753389,117.51037,0.61392975,117.51037,116.89644,118.1243,22.0,1790
0.04712888,2.423302e-06,0.04712888,0.047126453,0.0471313,23.342373,9.885095,23.342373,13.457277,33.227467,12.0,1799
0.067330256,0.0,0.067330256,0.067330256,0.067330256,48.93252,0.0,48.93252,48.93252,48.93252,8.0,1804
0.037032843,0.016832903,0.037032843,0.02019994,0.053865746,12.893841,9.588924,12.893841,3.3049154,22.482765,9.0,1811
0.067324676,0.0,0.067324676,0.067324676,0.067324676,48.231476,0.0,48.231476,48.231476,48.231476,8.0,1817
0.058355723,0.05424018,0.026932359,0.013466873,0.13466793,208.15498,292.49258,1.4774561,1.1855488,621.80194,24.0,1831
0.08079672,0.0,0.08079672,0.08079672,0.08079672,90.433365,0.0,90.433365,90.433365,90.433365,10.0,1837
0.047133863,0.02020022,0.047133863,0.026933644,0.067334086,27.797543,20.516695,27.797543,7.280848,48.314236,12.0,1845
0.05723151,0.010101229,0.05723151,0.04713028,0.06733274,51.62778,38.21165,51.62778,13.416131,89.83943,15.0,1851
0.057232022,0.030298999,0.057232022,0.026933026,0.08753102,93.816444,92.306076,93.816444,1.5103652,186.12253,15.0,1860
0.057231933,0.05049871,0.057231933,0.006733223,0.10773064,166.9789,166.72502,166.9789,0.2538767,333.70392,15.0,1870
0.101001434,0.0,0.101001434,0.101001434,0.101001434,187.56989,0.0,187.56989,187.56989,187.56989,13.0,1875
0.037032623,0.010099333,0.037032623,0.02693329,0.047131956,10.423346,3.0513144,10.423346,7.372031,13.47466,9.0,1882
0.09426744,0.0067335255,0.09426744,0.08753391,0.101000965,186.51956,1.0138702,186.51956,185.50569,187.53343,26.0,1892
0.060599104,0.026932707,0.060599104,0.0336664,0.08753181,65.68169,52.53744,65.68169,13.144242,118.219124,16.0,1904
0.04713356,4.8056245e-07,0.04713356,0.04713308,0.04713404,23.186241,9.277275,23.186241,13.908967,32.463516,12.0,1912
0.053866096,0.033666477,0.053866096,0.020199617,0.08753257,93.458206,92.95217,93.458206,0.50603527,186.41037,14.0,1922
0.10100137,0.0,0.10100137,0.10100137,0.10100137,186.23474,0.0,186.23474,186.23474,186.23474,13.0,1925
0.02693361,0.013466742,0.02693361,0.013466869,0.040400352,4.3364267,3.0765553,4.3364267,1.2598712,7.412982,6.0,1934
0.050499562,0.04376612,0.050499562,0.006733442,0.094265684,114.82364,114.57808,114.82364,0.24555893,229.40172,13.0,1945
0.08079937,0.0,0.08079937,0.08079937,0.08079937,89.63467,0.0,89.63467,89.63467,89.63467,10.0,1949
0.037033394,0.010099889,0.037033394,0.026933504,0.04713328,17.200733,15.658237,17.200733,1.5424963,32.85897,9.0,1958
0.07743354,0.030301291,0.07743354,0.047132246,0.10773483,172.11787,158.45744,172.11787,13.660421,330.57532,21.0,1968
0.09090019,0.0033669174,0.09090019,0.08753327,0.09426711,168.26567,18.671417,168.26567,149.59425,186.93709,25.0,1979
0.07406642,0.042939417,0.04713163,0.040400207,0.13466744,219.72856,285.46704,22.135939,13.639604,623.41016,31.0,1998
0.06732222,0.0,0.06732222,0.06732222,0.06732222,48.215008,0.0,48.215008,48.215008,48.215008,8.0,2003
0.07743225,0.057232518,0.07743225,0.020199737,0.13466477,233.66675,230.21457,233.66675,3.4521668,463.88132,21.0,2011
0.08079253,0.0,0.08079253,0.08079253,0.08079253,89.54462,0.0,89.54462,89.54462,89.54462,10.0,2018
0.077433616,0.023567414,0.077433616,0.053866204,0.10100103,117.5612,69.112595,117.5612,48.448605,186.6738,21.0,2027
0.06059917,0.0269322,0.06059917,0.033666972,0.08753137,65.24694,51.981453,65.24694,13.265487,117.22839,16.0,2038
0.06957673,0.046756145,0.047133245,0.02693363,0.13466334,219.13823,285.637,33.27615,1.4662874,622.67224,29.0,2060
0.06396538,0.043765284,0.06396538,0.020200094,0.107730664,166.58853,166.07567,166.58853,0.51286054,332.6642,17.0,2069
0.090898395,0.023569725,0.090898395,0.06732867,0.11446812,222.4007,173.37326,222.4007,49.027443,395.77396,25.0,2077
0.037033614,0.030300442,0.037033614,0.0067331707,0.067334056,44.803226,44.5576,44.803226,0.2456288,89.360825,9.0,2088
0.0740663,0.0,0.0740663,0.0740663,0.0740663,66.86306,0.0,66.86306,66.86306,66.86306,9.0,2091
0.057233058,0.0033664983,0.057233058,0.05386656,0.060599558,40.976585,7.4235477,40.976585,33.55304,48.400135,15.0,2100
0.089215055,0.050245997,0.10436435,0.013465843,0.13466567,339.93192,284.62424,368.34372,0.2879971,622.7523,51.0,2128
0.0639666,0.057233587,0.0639666,0.006733017,0.12120019,232.3697,232.1126,232.3697,0.25710633,464.4823,17.0,2139
0.12118969,0.006723888,0.12118969,0.1144658,0.12791358,409.06665,128.8484,409.06665,280.21823,537.91504,34.0,2149
0.057226516,0.037028812,0.057226516,0.020197706,0.09425533,76.79634,73.3026,76.79634,3.493741,150.09894,15.0,2159
0.047109716,0.0067100096,0.047109716,0.040399708,0.053819727,21.952286,0.23330212,21.952286,21.718983,22.185587,12.0,2171
0.08920169,0.052449603,0.10771133,0.0067307213,0.13465334,349.4469,279.7112,385.2996,0.30076504,626.8877,51.0,2199
0.10773111,0.0,0.10773111,0.10773111,0.10773111,228.91783,0.0,228.91783,228.91783,228.91783,14.0,2203
0.08079481,0.046970043,0.0875285,0.020197991,0.13465795,245.37004,265.48108,117.665405,3.4626842,614.982,34.0,2217
0.04039513,0.006732531,0.04039513,0.0336626,0.04712766,18.262571,14.5257015,18.262571,3.7368693,32.788273,10.0,2227
0.08080065,0.0,0.08080065,0.08080065,0.08080065,89.37112,0.0,89.37112,89.37112,89.37112,10.0,2231
0.07406452,0.04697005,0.067333534,0.020199789,0.13466024,224.03642,280.97668,48.15634,3.3966236,620.5563,31.0,2246
0.09088875,0.023558497,0.09088875,0.067330256,0.11444725,184.49234,94.25479,184.49234,90.23755,278.74713,25.0,2255
0.057232723,0.03703241,0.057232723,0.020200314,0.09426513,76.25381,72.80369,76.25381,3.4501224,149.0575,15.0,2266
0.07406162,0.033664282,0.07406162,0.040397335,0.107725896,125.569016,103.997246,125.569016,21.57177,229.56627,20.0,2280
0.09594617,0.044247475,0.11109437,0.026933573,0.13466236,342.53445,283.02655,369.4604,7.3618464,623.8553,55.0,2302
0.07855321,0.039771236,0.05386448,0.0471314,0.13466373,226.31972,280.7098,33.57056,22.140139,623.2485,33.0,2318
0.07406175,0.0,0.07406175,0.07406175,0.07406175,67.08663,0.0,67.08663,67.08663,67.08663,9.0,2325
0.06733427,0.06060084,0.06733427,0.006733428,0.12793511,197.7075,197.46306,197.7075,0.24444129,395.17056,18.0,2336
0.05162056,0.058783263,0.013466737,0.006733248,0.1346617,206.90564,292.24838,0.26402923,0.24560454,620.2073,21.0,2353
0.094265915,0.047927197,0.12120141,0.026933672,0.13466266,361.7915,263.42862,459.93994,1.4824473,623.9521,40.0,2375
0.05723097,0.050497893,0.05723097,0.006733078,0.10772887,165.46245,165.22723,165.46245,0.23520815,330.6897,15.0,2385
0.060600717,0.0,0.060600717,0.060600717,0.060600717,33.10238,0.0,33.10238,33.10238,33.10238,7.0,2388
0.06396602,0.0033674221,0.06396602,0.0605986,0.067333445,61.66881,28.443317,61.66881,33.225494,90.11213,17.0,2399
0.09875534,0.025982587,0.08753079,0.07406663,0.13466859,285.61172,239.71008,116.60761,115.61505,624.6125,42.0,2415
0.033666864,0.013466875,0.033666864,0.02019999,0.04713374,16.975069,16.459087,16.975069,0.5159816,33.43416,8.0,2425
0.090899594,0.023568489,0.090899594,0.067331105,0.11446808,222.5051,174.37215,222.5051,48.13295,396.87723,25.0,2434
0.047133453,0.020199738,0.047133453,0.026933717,0.06733319,45.160828,43.60572,45.160828,1.5551087,88.76655,12.0,2444
0.08753376,0.0,0.08753376,0.08753376,0.08753376,117.38894,0.0,117.38894,117.38894,117.38894,11.0,2447
0.074065864,0.05386573,0.074065864,0.020200133,0.1279316,198.77895,195.39731,198.77895,3.3816419,394.17624,20.0,2456
0.051622927,0.058786545,0.013466623,0.006733428,0.13466872,207.17015,292.61044,0.27351353,0.2531358,620.9838,21.0,2468
0.087533854,0.033666372,0.087533854,0.053867478,0.121200226,244.34732,222.45883,244.34732,21.888483,466.80615,24.0,2476
0.10773451,0.026933216,0.10773451,0.08080129,0.13466772,306.26627,156.08437,306.26627,150.1819,462.35062,30.0,2486
0.12120116,0.0,0.12120116,0.12120116,0.12120116,333.7963,0.0,333.7963,333.7963,333.7963,16.0,2492
0.06733362,0.050388306,0.053865883,0.013466853,0.13466813,216.32793,289.697,21.911423,1.2251095,625.8472,28.0,2504
0.080799654,0.0,0.080799654,0.080799654,0.080799654,89.027855,0.0,89.027855,89.027855,89.027855,10.0,2508
0.12120108,0.0,0.12120108,0.12120108,0.12120108,333.32523,0.0,333.32523,333.32523,333.32523,16.0,2512
0.09426618,0.05713388,0.1346641,0.013466676,0.13466778,361.65024,263.62354,459.4247,1.1925285,624.3335,40.0,2532
0.10099977,0.0,0.10099977,0.10099977,0.10099977,185.65388,0.0,185.65388,185.65388,185.65388,13.0,2542
0.06060047,0.05301929,0.033666898,0.01346606,0.13466845,212.56804,291.38702,12.830517,0.28571555,624.5879,25.0,2554
0.08080009,0.040399455,0.08080009,0.040400643,0.12119955,235.68138,228.1584,235.68138,7.522968,463.83978,22.0,2563
0.05386733,0.040400498,0.05386733,0.01346683,0.09426783,114.72398,114.45494,114.72398,0.2690452,229.17892,14.0,2570
0.094260566,0.0,0.094260566,0.094260566,0.094260566,149.06355,0.0,149.06355,149.06355,149.06355,12.0,2575
0.043767247,0.016833551,0.043767247,0.026933698,0.0606008,20.316422,12.935016,20.316422,7.381406,33.25144,11.0,2583
0.043764964,0.030301875,0.043764964,0.013463091,0.07406684,58.946194,58.696278,58.946194,0.24991351,117.64247,11.0,2590
0.08079885,0.0,0.08079885,0.08079885,0.08079885,89.194275,0.0,89.194275,89.194275,89.194275,10.0,2593
0.103239834,0.04443409,0.13465376,0.040400553,0.1346652,368.99866,253.75311,463.58572,21.911982,621.4983,44.0,2611
0.08753262,0.0,0.08753262,0.08753262,0.08753262,116.394196,0.0,116.394196,116.394196,116.394196,11.0,2620
0.08752866,0.040397495,0.08752866,0.04713117,0.12792616,214.2588,180.87685,214.2588,33.38196,395.13565,24.0,2631
0.053861964,0.05739425,0.02019604,0.006733197,0.13465667,207.59386,293.04156,0.51195854,0.25235423,622.0172,22.0,2644
0.097628005,0.016839467,0.097628005,0.08078854,0.11446747,241.46605,151.6104,241.46605,89.855644,393.07645,27.0,2656
0.033664357,0.020197846,0.033664357,0.013466511,0.053862203,23.985926,23.715563,23.985926,0.27036333,47.70149,8.0,2664
0.0897744,0.054237127,0.12120113,0.0134659065,0.13465616,361.0455,262.6829,464.87576,0.23247246,618.02826,38.0,2682
0.08752394,0.033665564,0.08752394,0.053858373,0.1211895,241.35426,219.03357,241.35426,22.320688,460.38785,24.0,2695
0.074066125,0.05244551,0.08079778,0.0067330324,0.13466756,257.12698,264.99994,149.21237,0.2736426,621.89496,31.0,2711
0.1211879,0.0,0.1211879,0.1211879,0.1211879,331.83148,0.0,331.83148,331.83148,331.83148,16.0,2715
0.04713401,0.040400628,0.04713401,0.0067333793,0.087534636,58.403107,58.157516,58.403107,0.24558969,116.56062,12.0,2722
0.043757595,0.0033699758,0.043757595,0.04038762,0.04712757,20.221684,12.771427,20.221684,7.4502563,32.99311,11.0,2733
0.08528132,0.044437792,0.09425453,0.026927404,0.13466203,284.19067,256.32547,229.10478,1.4462087,622.021,36.0,2751
0.057232507,0.050501682,0.057232507,0.0067308233,0.10773419,166.73589,166.47511,166.73589,0.26075938,333.211,15.0,2762
0.07406226,0.0,0.07406226,0.07406226,0.07406226,66.239555,0.0,66.239555,66.239555,66.239555,9.0,2768
0.08079355,0.026934743,0.08079355,0.05385881,0.107728295,138.69754,90.291565,138.69754,48.405968,228.9891,22.0,2779
0.053862132,0.026929043,0.053862132,0.026933087,0.080791175,48.300327,41.101032,48.300327,7.199293,89.40136,14.0,2788
0.040395826,0.013465748,0.040395826,0.026930077,0.053861573,24.859953,23.391943,24.859953,1.4680092,48.251896,10.0,2797
0.057233915,0.050500985,0.057233915,0.00673293,0.107734896,166.58344,166.31976,166.58344,0.26366863,332.9032,15.0,2807
0.08079578,0.0,0.08079578,0.08079578,0.08079578,89.197334,0.0,89.197334,89.197334,89.197334,10.0,2808
0.05050026,0.00336691,0.05050026,0.04713335,0.05386717,27.869114,5.984763,27.869114,21.884352,33.853878,13.0,2814
0.08977274,0.03358564,0.08079839,0.053866982,0.13465284,264.31662,257.27194,150.45947,21.978268,620.51215,38.0,2834
0.050495625,0.030298894,0.050495625,0.020196732,0.08079452,74.72388,74.211655,74.72388,0.5122152,148.93553,13.0,2844
0.08080002,0.0,0.08080002,0.08080002,0.08080002,89.30941,0.0,89.30941,89.30941,89.30941,10.0,2850
0.043764405,0.01009725,0.043764405,0.033667155,0.053861655,17.60971,4.2212286,17.60971,13.388481,21.830938,11.0,2856
0.10997501,0.022218147,0.11446821,0.08079651,0.13466032,349.07492,200.00954,274.92007,149.7596,622.54504,47.0,2872
0.030299941,0.010099748,0.030299941,0.020200193,0.04039969,5.391411,1.9300113,5.391411,3.4613996,7.321422,7.0,2883
0.0808012,0.0,0.0808012,0.0808012,0.0808012,89.44278,0.0,89.44278,89.44278,89.44278,10.0,2887
0.060600888,0.047134,0.060600888,0.01346689,0.10773489,114.91516,113.67954,114.91516,1.2356153,228.59471,16.0,2896
0.06060095,0.052445937,0.026933774,0.020200325,0.13466875,209.6794,291.01825,7.304288,0.5112762,621.22266,25.0,2909
0.06733436,0.047134046,0.06733436,0.020200314,0.1144684,198.36415,197.856,198.36415,0.5081409,396.22015,18.0,2924
0.1054905,0.028212687,0.1144683,0.067334354,0.13466883,355.2241,236.79672,395.07135,47.345272,623.2556,45.0,2946
0.037033927,0.030300492,0.037033927,0.006733435,0.06733442,45.46247,45.17501,45.46247,0.28745854,90.63748,9.0,2952
0.121201925,0.0,0.121201925,0.121201925,0.121201925,331.3535,0.0,331.3535,331.3535,331.3535,16.0,2958
0.050500814,0.043767367,0.050500814,0.006733445,0.09426818,74.13744,73.88229,74.13744,0.25515324,148.01973,13.0,2967
0.033667162,0.00673349,0.033667162,0.02693367,0.04040065,11.594347,10.129765,11.594347,1.4645824,21.724112,8.0,2977
0.114468485,0.0067334287,0.114468485,0.10773505,0.12120191,332.54773,1.0428009,332.54773,331.50494,333.59055,32.0,2989
0.063967675,0.05050079,0.063967675,0.013466884,0.11446847,138.97925,137.7498,138.97925,1.2294526,276.72903,17.0,2996
0.07743461,0.05723428,0.07743461,0.020200329,0.13466889,232.60747,229.17192,232.60747,3.435549,461.7794,21.0,3009
0.080801316,0.0,0.080801316,0.080801316,0.080801316,89.30821,0.0,89.30821,89.30821,89.30821,10.0,3018
0.07406777,0.020200226,0.07406777,0.05386755,0.094268,98.42187,50.20289,98.42187,48.218975,148.62476,20.0,3027
0.06060096,0.020200303,0.06060096,0.040400658,0.08080126,55.415916,33.880386,55.415916,21.535532,89.2963,16.0,3039
0.037033934,0.016833615,0.037033934,0.02020032,0.05386755,24.61527,24.111696,24.61527,0.5035743,48.726967,9.0,3048
0.060600966,0.053867526,0.060600966,0.0067334366,0.11446849,197.58632,197.3178,197.58632,0.26851732,394.9041,16.0,3062
0.07406782,0.053867493,0.07406782,0.02020033,0.12793532,269.9294,269.41327,269.9294,0.51614016,539.3427,20.0,3074
0.08080115,0.0,0.08080115,0.08080115,0.08080115,88.764565,0.0,88.764565,88.764565,88.764565,10.0,3079
0.057234224,0.023567054,0.057234224,0.03366717,0.08080128,51.126343,37.83767,51.126343,13.288675,88.96401,15.0,3087
0.06508986,0.052828696,0.053867538,0.006733438,0.1346686,222.97035,281.77844,48.150455,0.2559276,620.5047,27.0,3104
0.10997951,0.030279666,0.12793541,0.06733441,0.1346687,403.8394,254.0328,539.9224,47.856773,623.7389,47.0,3123
0.08753469,0.020200282,0.08753469,0.067334406,0.10773497,159.63988,69.28656,159.63988,90.35332,228.92644,24.0,3130
0.08888139,0.056239326,0.1346687,0.013466856,0.13466887,375.41617,303.412,621.91437,0.31196573,623.80804,64.0,3165
0.053867426,0.0,0.053867426,0.053867426,0.053867426,21.902163,0.0,21.902163,21.902163,21.902163,6.0,3168
0.107735015,0.029091747,0.121201836,0.06733444,0.13466878,348.3306,217.6687,333.0997,89.68395,622.2081,46.0,3187
0.060600884,0.047134,0.060600884,0.013466884,0.10773488,114.96333,113.76969,114.96333,1.1936412,228.73303,16.0,3198
0.08080129,0.05386752,0.08080129,0.026933774,0.13466881,234.58907,227.28084,234.58907,7.308231,461.8699,22.0,3209
0.12120191,0.0,0.12120191,0.12120191,0.12120191,331.82977,0.0,331.82977,331.82977,331.82977,16.0,3216
0.063967556,0.050500676,0.063967556,0.0134668825,0.11446823,139.0965,137.8598,139.0965,1.2366934,276.9563,17.0,3224
0.06060062,0.052445848,0.026933394,0.020200169,0.1346683,209.46284,292.79916,3.4103198,1.4364239,623.5418,25.0,3235
0.080800645,0.026933134,0.080800645,0.05386751,0.10773378,177.26578,155.41165,177.26578,21.854128,332.67743,22.0,3247
0.07406658,0.0067344084,0.07406658,0.06733217,0.08080099,99.171776,51.399956,99.171776,47.77182,150.57173,20.0,3256
0.037033696,0.030300293,0.037033696,0.0067334017,0.06733399,44.86204,44.58698,44.86204,0.2750641,89.44902,9.0,3265
0.08080089,0.04713428,0.08080089,0.03366662,0.12793517,272.1661,268.5952,272.1661,3.5708928,540.7613,22.0,3273
0.08753372,0.0,0.08753372,0.08753372,0.08753372,115.77183,0.0,115.77183,115.77183,115.77183,11.0,3276
0.074067146,0.060600765,0.074067175,0.013465881,0.13466834,311.4669,310.71762,310.5655,0.2789452,624.4576,42.0,3303
0.107733,0.0,0.107733,0.107733,0.107733,228.06046,0.0,228.06046,228.06046,228.06046,14.0,3308
0.04376734,0.030300451,0.04376734,0.01346689,0.074067794,34.014744,32.814495,34.014744,1.200247,66.82924,11.0,3317
0.07069961,0.010099815,0.07069961,0.060599793,0.08079942,78.0101,11.6670265,78.0101,66.34307,89.677124,19.0,3324
0.094267964,0.040400434,0.094267964,0.05386753,0.1346684,254.58128,206.2236,254.58128,48.35769,460.80487,26.0,3335
0.10773306,0.0,0.10773306,0.10773306,0.10773306,228.91278,0.0,228.91278,228.91278,228.91278,14.0,3346
0.037033502,0.010099874,0.037033502,0.026933627,0.047133375,10.255666,2.9285402,10.255666,7.3271255,13.184206,9.0,3355
0.11895349,0.022218179,0.1346594,0.087532245,0.13466884,423.5756,180.32281,457.5112,187.72255,625.4931,51.0,3374
0.08079909,0.0,0.08079909,0.08079909,0.08079909,89.45026,0.0,89.45026,89.45026,89.45026,10.0,3385
0.053864684,3.091991e-07,0.053864684,0.053864375,0.053864993,35.188313,13.498748,35.188313,21.689566,48.68706,14.0,3397
0.05050021,0.03030092,0.05050021,0.02019929,0.08080113,75.19917,74.70056,75.19917,0.49861413,149.89973,13.0,3406
0.10772957,0.0,0.10772957,0.10772957,0.10772957,228.3538,0.0,228.3538,228.3538,228.3538,14.0,3412
0.07631076,0.052828472,0.08753,0.006733425,0.13466884,245.20271,268.44247,116.506096,0.24547538,618.85657,32.0,3429
0.05050066,0.0033665802,0.05050066,0.047134083,0.053867243,27.82124,5.881344,27.82124,21.939896,33.702583,13.0,3438
0.047131628,0.03366544,0.047131628,0.01346619,0.08079707,74.907394,74.63986,74.907394,0.26753265,149.54726,12.0,3448
0.07406563,0.0,0.07406563,0.07406563,0.07406563,66.00376,0.0,66.00376,66.00376,66.00376,9.0,3451
0.094264455,0.036050927,0.100990646,0.0471341,0.13466862,280.00327,248.84961,185.47702,33.688816,620.84393,40.0,3460
0.05049949,0.016833521,0.05049949,0.03366597,0.06733301,30.522734,17.098583,30.522734,13.4241495,47.62132,13.0,3467
0.053867396,0.013466749,0.053867396,0.040400647,0.067334145,48.448444,41.070538,48.448444,7.377908,89.51898,14.0,3471
0.07069956,0.023568373,0.07069956,0.04713118,0.09426793,122.095985,108.824715,122.095985,13.271264,230.9207,19.0,3480
0.053866006,0.033666,0.053866006,0.020200005,0.087532006,93.34352,92.82097,93.34352,0.5225533,186.16449,14.0,3485
0.09426799,0.0,0.09426799,0.09426799,0.09426799,148.28357,0.0,148.28357,148.28357,148.28357,12.0,3490
0.050499577,0.03029937,0.050499577,0.020200206,0.08079895,46.13656,42.702377,46.13656,3.4341846,88.838936,13.0,3497
0.037032932,0.016833102,0.037032932,0.020199832,0.053866036,24.430063,23.918692,24.430063,0.51137096,48.348755,9.0,3505
0.11783245,0.0033648238,0.11783245,0.11446763,0.121197276,363.98886,33.32486,363.98886,330.664,397.31372,33.0,3516
0.056110788,0.05561472,0.020200014,0.013466606,0.13466574,208.41176,293.51053,1.2416508,0.49551874,623.4981,23.0,3518
0.0639664,0.05049955,0.0639664,0.013466854,0.11446595,198.17145,197.88158,198.17145,0.28987145,396.053,17.0,3522
0.07406726,0.047134295,0.07406726,0.026932964,0.12120155,232.20892,230.72955,232.20892,1.4793668,462.93848,20.0,3529
0.07406396,0.033666313,0.07406396,0.040397648,0.10773027,170.32016,162.92532,170.32016,7.3948436,333.24548,20.0,3534
0.11222222,0.016797192,0.10773189,0.09426598,0.13466877,360.90317,186.12083,230.2851,228.30907,624.1153,48.0,3552
0.040399283,0.013465745,0.040399283,0.026933536,0.053865027,14.492016,7.3408895,14.492016,7.151126,21.832905,10.0,3563
0.090899885,0.0101008825,0.090899885,0.080799,0.10100076,167.5299,18.084175,167.5299,149.44574,185.61409,25.0,3576
0.060599476,0.026932688,0.060599476,0.033666786,0.08753216,64.88096,51.67486,64.88096,13.206103,116.55582,16.0,3583
0.04376687,0.0033662897,0.04376687,0.04040058,0.04713316,20.561512,13.178661,20.561512,7.382851,33.740173,11.0,3592
0.09426795,0.0,0.09426795,0.09426795,0.09426795,148.1254,0.0,148.1254,148.1254,148.1254,12.0,3596
0.12120086,0.0134658255,0.12120086,0.10773503,0.13466668,423.77783,195.1053,423.77783,228.67253,618.8831,34.0,3612
0.09651191,0.049276013,0.12793529,0.026933562,0.13466688,340.57718,253.71448,392.19424,7.2653165,622.27203,41.0,3630
0.06284484,0.05339712,0.047134094,0.006733365,0.13466707,212.20128,290.655,13.169954,0.25202575,623.1818,26.0,3650
0.0987565,0.025981646,0.08753379,0.074067585,0.13466814,291.3555,238.51457,186.24104,66.33928,621.48615,42.0,3671
0.06733393,0.052445956,0.060600195,0.0067331525,0.13466844,230.1992,278.93027,67.56909,0.28000334,622.7485,28.0,3690
0.07069972,0.057232857,0.07069972,0.013466869,0.12793258,269.9409,269.65952,269.9409,0.2813746,539.6004,19.0,3700
0.0841675,0.03703449,0.0841675,0.04713301,0.12120199,239.0942,225.83278,239.0942,13.261402,464.92697,23.0,3708
0.08753308,0.0,0.08753308,0.08753308,0.08753308,116.295334,0.0,116.295334,116.295334,116.295334,11.0,3713
0.0875345,0.047134295,0.0875345,0.040400207,0.1346688,314.744,307.2724,314.744,7.471576,622.0164,24.0,3727
0.0852894,0.04443849,0.09426597,0.026933355,0.13466887,285.20044,256.76746,230.84161,1.4487972,623.3109,36.0,3749
0.10100044,0.006732423,0.10100044,0.09426802,0.10773286,240.08496,91.64756,240.08496,148.4374,331.7325,28.0,3756
0.063966185,0.023566041,0.063966185,0.04040014,0.08753222,69.14954,47.399178,69.14954,21.750364,116.54872,17.0,3767
0.06284482,0.053397156,0.0471341,0.006733277,0.13466708,219.46657,286.66833,33.68965,0.2920966,624.41797,26.0,3782
0.121199846,0.006734062,0.121199846,0.11446578,0.1279339,407.79895,132.08733,407.79895,275.71164,539.8863,34.0,3793
0.067333266,0.047133412,0.067333266,0.020199852,0.114466675,140.0461,136.62039,140.0461,3.4256985,276.6665,18.0,3803
0.067332946,0.0471329,0.067332946,0.020200048,0.11446585,139.99005,136.56352,139.99005,3.4265318,276.55356,18.0,3812
0.053867448,0.033667296,0.053867448,0.020200154,0.08753474,59.569218,56.14431,59.569218,3.4249094,115.713524,14.0,3822
0.04713229,1.8441128e-07,0.04713229,0.04713211,0.047132477,23.28912,10.048331,23.28912,13.240789,33.337452,12.0,3830
0.050500233,0.03703342,0.050500233,0.013466814,0.08753365,92.97942,92.70282,92.97942,0.27660388,185.68224,13.0,3838
0.087534525,0.0,0.087534525,0.087534525,0.087534525,116.21454,0.0,116.21454,116.21454,116.21454,11.0,3839
0.03703335,0.0033666622,0.03703335,0.033666685,0.04040001,10.321811,3.0107515,10.321811,7.3110595,13.332562,9.0,3849
0.1043679,0.010100171,0.1043679,0.094267726,0.11446807,252.87466,24.336334,252.87466,228.53833,277.211,29.0,3860
0.077434406,0.0572342,0.077434406,0.020200204,0.1346686,232.47949,229.05896,232.47949,3.4205346,461.53845,21.0,3872
0.121199526,0.0,0.121199526,0.121199526,0.121199526,331.6138,0.0,331.6138,331.6138,331.6138,16.0,3883
0.09426669,0.05713409,0.13466501,0.013466878,0.13466817,362.31396,263.8135,461.61676,1.2134315,624.11176,40.0,3905
0.10100022,0.03366736,0.10100022,0.06733286,0.13466758,335.3017,287.86768,335.3017,47.434032,623.1694,28.0,3920
0.060600996,0.0,0.060600996,0.060600996,0.060600996,33.177948,0.0,33.177948,33.177948,33.177948,7.0,3926
0.060599163,0.054145157,0.040400427,0.006733261,0.13466379,210.13353,291.8074,7.358539,0.2509335,622.79114,25.0,3940
0.08753185,0.0067357905,0.08753185,0.080796055,0.09426764,159.35794,70.63961,159.35794,88.71834,229.99756,24.0,3950
0.053867333,1.8626451e-07,0.053867333,0.053867146,0.05386752,35.032555,13.46662,35.032555,21.565935,48.499176,14.0,3960
0.05049874,0.030299202,0.05049874,0.020199537,0.08079794,74.53498,74.01534,74.53498,0.5196344,148.55032,13.0,3969
0.085288994,0.05615581,0.11446822,0.0067334347,0.13466533,339.26825,257.18054,394.609,0.28483987,622.9109,36.0,3995
0.07406787,0.0,0.07406787,0.07406787,0.07406787,66.16306,0.0,66.16306,66.16306,66.16306,9.0,3999
0.047133006,0.006733395,0.047133006,0.04039961,0.0538664,27.786135,20.300001,27.786135,7.4861336,48.086136,12.0,4008
0.09202242,0.035770252,0.094268024,0.047133368,0.13466586,289.0309,252.85776,229.82732,13.22026,624.04517,39.0,4027
0.06060078,0.026933981,0.06060078,0.0336668,0.08753476,94.81372,91.20732,94.81372,3.6063993,186.02104,16.0,4039
0.08528962,0.048033834,0.10100022,0.020200098,0.13466854,299.75293,253.66664,278.01926,0.5135448,620.726,36.0,4058
0.101000756,0.013466481,0.101000756,0.08753427,0.11446723,255.3772,139.36882,255.3772,116.00838,394.74603,28.0,4067
0.07406751,0.04293899,0.047134034,0.04040064,0.13466784,220.95454,283.8727,33.306046,7.424625,622.133,31.0,4084
0.08753456,0.0,0.08753456,0.08753456,0.08753456,116.16317,0.0,116.16317,116.16317,116.16317,11.0,4091
0.058356073,0.055069327,0.033667203,0.0067333947,0.13466762,208.65167,292.36417,3.5921283,0.25035012,622.11255,24.0,4104
0.10100157,0.0,0.10100157,0.10100157,0.10100157,185.15578,0.0,185.15578,185.15578,185.15578,13.0,4108
0.074067086,0.060600195,0.074067086,0.013466887,0.13466728,311.1836,310.9084,311.1836,0.27519387,622.092,20.0,4123
0.101001136,0.0,0.101001136,0.101001136,0.101001136,185.12968,0.0,185.12968,185.12968,185.12968,13.0,4127
0.040400445,0.020200351,0.040400445,0.020200092,0.060600795,18.26894,14.877731,18.26894,3.3912094,33.14667,10.0,4140
0.08416758,0.010099687,0.08416758,0.07406789,0.094267264,132.02347,15.746971,132.02347,116.27649,147.77043,23.0,4149
0.10773481,0.039262325,0.12793496,0.040400445,0.13466889,399.7912,248.71979,476.22733,22.052258,624.65796,62.0,4180
0.0875346,0.053019065,0.11446851,0.013466848,0.13466842,299.94846,254.02483,276.4819,1.2305845,622.1329,37.0,4199
0.08753458,0.048865713,0.10773488,0.020200279,0.13466857,284.55978,256.0571,227.45924,3.4287643,622.7914,37.0,4214
0.050500803,0.023567095,0.050500803,0.02693371,0.0740679,36.763374,29.43374,36.763374,7.329633,66.19711,13.0,4225
0.08753398,0.026933236,0.08753398,0.060600746,0.11446722,171.66508,104.56603,171.66508,67.09905,276.2311,24.0,4235
0.060600773,0.040400475,0.060600773,0.020200297,0.10100125,94.31251,90.8751,94.31251,3.4374027,185.1876,16.0,4247
0.043767225,0.010100257,0.043767225,0.03366697,0.05386748,17.47431,4.1716275,17.47431,13.302682,21.645937,11.0,4254
0.0471341,0.03366722,0.0471341,0.013466883,0.08080132,75.2881,74.99223,75.2881,0.2958679,150.28033,12.0,4258
0.084167905,0.037034113,0.084167905,0.047133792,0.121202014,237.53609,224.27159,237.53609,13.264498,461.80768,23.0,4266
0.07406758,0.0,0.07406758,0.07406758,0.07406758,66.181854,0.0,66.181854,66.181854,66.181854,9.0,4271
0.040400613,0.026933733,0.040400613,0.013466878,0.06733435,24.46172,23.220089,24.46172,1.2416315,47.68181,10.0,4272
0.050500803,0.016833596,0.050500803,0.033667207,0.0673344,46.462975,42.79249,46.462975,3.6704855,89.25546,13.0,4282
0.060600795,0.040400505,0.060600795,0.02020029,0.1010013,139.63788,139.14066,139.63788,0.49722046,278.77853,16.0,4291
0.06733443,0.047134094,0.06733443,0.020200333,0.11446852,198.977,198.50325,198.977,0.4737637,397.48026,18.0,4296
0.09090136,0.0235672,0.09090136,0.06733416,0.11446856,222.03105,174.30202,222.03105,47.72903,396.33307,25.0,4307
0.07406759,0.0067334175,0.07406759,0.067334175,0.08080101,89.63572,0.72676086,89.63572,88.90896,90.36248,20.0,4311
0.07182339,0.04577864,0.053867564,0.026933707,0.13466889,224.67012,283.41364,48.009354,1.4268293,624.5742,30.0,4320
0.094267674,0.0,0.094267674,0.094267674,0.094267674,147.88359,0.0,147.88359,147.88359,147.88359,12.0,4326
0.043767273,0.030300422,0.043767273,0.013466854,0.0740677,33.750908,32.522003,33.750908,1.228904,66.27291,11.0,4330
0.057234116,0.003366787,0.057234116,0.05386733,0.060600903,44.283886,22.666323,44.283886,21.617563,66.95021,15.0,4340
0.050500713,0.030300418,0.050500713,0.020200294,0.08080113,74.773346,74.26979,74.773346,0.50355864,149.04314,13.0,4346
0.060600977,0.053867538,0.060600977,0.006733439,0.114468515,197.90619,197.62439,197.90619,0.28179875,395.53058,16.0,4351
0.11334586,0.04473484,0.13466798,0.0134668825,0.13466859,504.90915,227.77367,622.5517,0.29607028,623.0025,99.0,4367
0.074067496,0.04713399,0.074067496,0.026933508,0.121201485,232.81467,231.36165,232.81467,1.453019,464.1763,20.0,4374
0.06733411,0.0,0.06733411,0.06733411,0.06733411,47.75411,0.0,47.75411,47.75411,47.75411,8.0,4378
0.026933774,0.013466898,0.026933774,0.013466876,0.040400673,11.042482,10.763308,11.042482,0.2791756,21.80579,6.0,4383
0.10773442,0.0290916,0.1212016,0.06733396,0.1346677,377.7944,242.30907,462.6552,47.84092,622.887,46.0,4391
0.07631226,0.044438515,0.067334324,0.026933614,0.13466884,237.4992,274.2605,88.974846,1.465366,622.0574,32.0,4403
0.107734516,0.0,0.107734516,0.107734516,0.107734516,227.72067,0.0,227.72067,227.72067,227.72067,14.0,4407
0.067334086,0.0,0.067334086,0.067334086,0.067334086,47.649055,0.0,47.649055,47.649055,47.649055,8.0,4408
0.08753462,0.02020048,0.08753462,0.067334145,0.107735105,159.0089,69.59939,159.0089,89.40951,228.60829,24.0,4415
0.06733411,0.047928747,0.040400375,0.02693376,0.1346682,212.9683,290.87018,7.333444,7.250621,624.32086,28.0,4422
0.09426783,3.6137237e-07,0.09426783,0.09426747,0.094268195,188.71103,41.06611,188.71103,147.64493,229.77715,26.0,4430
0.06396715,0.023566712,0.06396715,0.040400445,0.08753387,68.91954,47.08732,68.91954,21.832222,116.00686,17.0,4440
0.04040055,0.0067333803,0.04040055,0.03366717,0.04713393,18.544338,14.977275,18.544338,3.567064,33.521614,10.0,4447
0.09426815,0.0,0.09426815,0.09426815,0.09426815,147.77568,0.0,147.77568,147.77568,147.77568,12.0,4450
0.053867295,0.04713387,0.053867295,0.0067334245,0.101001166,92.70349,92.45235,92.70349,0.25114685,185.15584,14.0,4453
0.04376707,0.010100119,0.04376707,0.03366695,0.053867187,17.455343,4.24031,17.455343,13.215034,21.695654,11.0,4459
0.074067645,0.052445844,0.080801226,0.0067333328,0.13466838,257.48816,265.28888,149.55362,0.28041443,622.6305,31.0,4474
0.09426724,0.0,0.09426724,0.09426724,0.09426724,148.03996,0.0,148.03996,148.03996,148.03996,12.0,4476
0.06060093,0.026933813,0.06060093,0.033667114,0.08753474,64.67604,51.437206,64.67604,13.238835,116.11325,16.0,4484
0.04040047,0.0067334883,0.04040047,0.033666983,0.04713396,18.560051,15.002509,18.560051,3.5575423,33.56256,10.0,4490
0.094267145,0.0067334212,0.094267145,0.08753372,0.10100056,197.16328,81.03044,197.16328,116.13284,278.19373,26.0,4495
0.04040061,0.0067334417,0.04040061,0.033667166,0.04713405,18.470089,14.886257,18.470089,3.5838306,33.356346,10.0,4501
